{
	"pref_idx": {
		"start": [
			[1,1,67.29771928],
			[1,10,70.7743033],
			[5,1,69.38301006],
			[11,10,73.37617904],
			[11,1,68.75430714],
			[7,1,68.59138134],
			[3,1,69.3505998],
			[20,1,68.59204814],
			[5,1,69.37824064],
			[17,6,70.07633086],
			[1,10,75.25816856],
			[10,6,71.32150906],
			[6,1,68.03319452],
			[11,7,73.00874068],
			[11,8,70.53590859],
			[15,1,68.69945524],
			[14,1,69.95815686],
			[10,1,69.31501277],
			[9,1,70.3205663],
			[2,6,70.31295858],
			[1,1,69.70025106],
			[12,8,73.11833318],
			[5,1,69.85448792],
			[6,1,68.86052576],
			[11,1,69.04530568]
		],
		"end": [
			[20,8,70.76671503],
			[9,7,67.76352775],
			[5,8,59.92756941],
			[6,7,60.29340853],
			[14,5,61.65691751],
			[9,7,55.73204775],
			[1,5,66.27577379],
			[11,6,67.58998069],
			[1,7,67.158245],
			[18,6,76.73810737],
			[16,6,64.97535025],
			[14,9,60.77766095],
			[12,7,74.10662491],
			[8,9,65.11457756],
			[17,10,64.46897473],
			[13,6,65.3173162],
			[13,6,64.88472737],
			[12,9,64.38946711],
			[17,8,73.61954855],
			[20,7,73.19083514],
			[1,7,63.00112507],
			[18,8,75.29457694],
			[11,7,75.67785342],
			[9,8,60.72403621],
			[11,8,64.98102793]
		]
	}
}
