{
	"ori_tun_psf": {
		"start": [
			[2.301386317,0.9989358131,1,0.02],
			[2.92405525,0.9749077472,10,0.2],
			[1.066064099,0.9968704696,1,0.02],
			[1.629859565,0.9693570249,10,0.2],
			[0.901970802,0.9979235252,1,0.02],
			[0.5213470203,0.9996611841,1,0.02],
			[0.2645172664,0.998071784,1,0.02],
			[0.09390276007,0.9986207311,1,0.02],
			[0.6506126926,0.9933809819,1,0.02],
			[2.508851303,0.9793052483,6,0.12],
			[0.1699963311,0.9609235433,10,0.2],
			[1.625596271,0.9497700048,6,0.12],
			[0.637912484,0.9959882463,1,0.02],
			[1.255135957,0.9656138738,7,0.14],
			[1.753581193,0.9659426453,8,0.16],
			[2.570584799,0.9952319138,1,0.02],
			[2.036250388,0.9915978356,1,0.02],
			[1.4017491,0.9942399485,1,0.02],
			[1.460042422,0.9983888908,1,0.02],
			[0.6034668689,0.9620171564,6,0.12],
			[0.5694580968,0.9932788949,1,0.02],
			[1.801313314,0.9693614977,8,0.16],
			[0.9482472015,0.9957710855,1,0.02],
			[0.6664900396,0.9957281608,1,0.02],
			[1.879807131,0.9962206503,1,0.02]
		],
		"end": [
			[0.05156690434,0.848174156,8,0.16],
			[1.12731092,0.9441551853,7,0.14],
			[0.1731538401,0.9493518134,8,0.16],
			[0.8312065249,0.9527137515,7,0.14],
			[2.294847192,0.9086279826,5,0.1],
			[2.208732317,0.9863972427,7,0.14],
			[0.125502997,0.8543178835,5,0.1],
			[1.923789634,0.945074539,6,0.12],
			[0.1109413978,0.8770921072,7,0.14],
			[2.464671729,0.8984729595,6,0.12],
			[2.402858668,0.9237185203,6,0.12],
			[1.630841101,0.884170521,9,0.18],
			[1.661697056,0.8567817339,7,0.14],
			[1.303835316,0.9577755623,9,0.18],
			[2.525099444,0.9237309491,10,0.2],
			[2.440306615,0.9453746385,6,0.12],
			[1.636513728,0.8568308471,6,0.12],
			[1.71072724,0.9330199771,9,0.18],
			[2.548328984,0.8847435846,8,0.16],
			[0.1123210709,0.8519968297,7,0.14],
			[0.3322242292,0.9091782185,7,0.14],
			[2.150594627,0.9412429684,8,0.16],
			[1.697059168,0.8942869562,7,0.14],
			[1.288550654,0.9383475426,8,0.16],
			[1.245253515,0.9354829962,8,0.16]
		]
	}
}
